{"age": [-Infinity, 25, 40, 50, 60, 70, Infinity], "NumberOfTimes90DaysLate": [-Infinity, 1, 2, 3, 4, 5, 6, 7, 8, 9, Infinity], "NumberOfTime30-59DaysPastDueNotWorse": [-Infinity, 1, 2, 3, 4, 5, 6, 7, 8, 9, Infinity], "NumberOfTime60-89DaysPastDueNotWorse": [-Infinity, 1, 2, 3, 4, 5, 6, 7, 8, 9, Infinity], "RevolvingUtilizationOfUnsecuredLines": [0.0, 0.0192221734, 0.08318149180000001, 0.2714925417999998, 0.6988570598000001, 50708.0], "MonthlyIncome": [0.0, 3400.0, 5400.0, 5400.0, 8250.0, 3008750.0], "DebtRatio": [0.0, 0.1337728666, 0.28746027440000016, 0.467506417, 4.0, 329664.0]}